Assignement,Charge,Elemental composition,Mass
d1,4-,C12H16N5O7P1S1,100.255425
b1,3-,C12H15N5O5,102.028496
x2,7-,C24H31N8O12P2S2,106.006696
c2,7-,C24H31N8O12P2S2,106.006696
a2,6-,C24H31N8O10P1S1,108.019748
z2,6-,C24H31N8O10P1S1,108.019748
d2,7-,C24H32N8O13P2S2,108.435659
w2,7-,C24H32N8O13P2S2,108.435659
b2,6-,C24H31N8O11P1S1,110.685567
y2,6-,C24H31N8O11P1S1,110.685567
z3,9-,C36H45N13O15P2S2,112.904665
a3,9-,C36H45N13O15P2S2,112.904665
y3,9-,C36H45N13O16P2S2,114.681878
b3,9-,C36H45N13O16P2S2,114.681878
x1,3-,C12H17N3O6P1S1,119.67858
x3,9-,C36H45N13O17P3S3,123.453072
c3,9-,C36H45N13O17P3S3,123.453072
x2,6-,C24H31N8O12P2S2,123.842358
c2,6-,C24H31N8O12P2S2,123.842358
w3,9-,C36H46N13O18P3S3,125.342265
d3,9-,C36H46N13O18P3S3,125.342265
w1,3-,C12H18N3O7P1S1,125.34616
w2,6-,C24H32N8O13P2S2,126.676148
d2,6-,C24H32N8O13P2S2,126.676148
z3,8-,C36H45N13O15P2S2,127.143658
a3,8-,C36H45N13O15P2S2,127.143658
c1,3-,C12H15N5O6P1S1,128.342079
y3,8-,C36H45N13O16P2S2,129.143022
b3,8-,C36H45N13O16P2S2,129.143022
z2,5-,C24H31N8O10P1S1,129.825153
a2,5-,C24H31N8O10P1S1,129.825153
z1,2-,C12H17N3O4,132.553677
b2,5-,C24H31N8O11P1S1,133.024136
y2,5-,C24H31N8O11P1S1,133.024136
d1,3-,C12H16N5O7P1S1,134.009659
c3,8-,C36H45N13O17P3S3,139.010616
x3,8-,C36H45N13O17P3S3,139.010616
y1,2-,C12H17N3O5,140.551134
d3,8-,C36H46N13O18P3S3,141.135958
w3,8-,C36H46N13O18P3S3,141.135958
a3,7-,C36H45N13O15P2S2,145.450934
z3,7-,C36H45N13O15P2S2,145.450934
a1,2-,C12H15N5O4,145.548926
y3,7-,C36H45N13O16P2S2,147.735922
b3,7-,C36H45N13O16P2S2,147.735922
z4,9-,C46H59N16O20P3S3,148.353463
a4,9-,C46H58N15O21P3S3,148.462798
c2,5-,C24H31N8O12P2S2,148.812285
x2,5-,C24H31N8O12P2S2,148.812285
y4,9-,C46H59N16O21P3S3,150.130675
b4,9-,C46H58N15O22P3S3,150.240011
w2,5-,C24H32N8O13P2S2,152.212833
d2,5-,C24H32N8O13P2S2,152.212833
b1,2-,C12H15N5O5,153.546383
x4,9-,C46H59N16O22P4S4,158.90187
c4,9-,C46H58N15O23P4S4,159.011205
x3,7-,C36H45N13O17P3S3,159.013172
c3,7-,C36H45N13O17P3S3,159.013172
w4,9-,C46H60N16O23P4S4,160.791063
d4,9-,C46H59N15O24P4S4,160.900398
w3,7-,C36H46N13O18P3S3,161.442134
d3,7-,C36H46N13O18P3S3,161.442134
z2,4-,C24H31N8O10P1S1,162.53326
a2,4-,C24H31N8O10P1S1,162.53326
y2,4-,C24H31N8O11P1S1,166.531989
b2,4-,C24H31N8O11P1S1,166.531989
z4,8-,C46H59N16O20P3S3,167.023555
a4,8-,C46H58N15O21P3S3,167.146557
y4,8-,C46H59N16O21P3S3,169.022919
b4,8-,C46H58N15O22P3S3,169.145921
a3,6-,C36H45N13O15P2S2,169.860636
z3,6-,C36H45N13O15P2S2,169.860636
b3,6-,C36H45N13O16P2S2,172.526455
y3,6-,C36H45N13O16P2S2,172.526455
x4,8-,C46H59N16O22P4S4,178.890513
c4,8-,C46H58N15O23P4S4,179.013515
x1,2-,C12H17N3O6P1S1,180.021508
w4,8-,C46H60N16O23P4S4,181.015855
d4,8-,C46H59N15O24P4S4,181.138857
a5,9-,C56H71N17O27P4S4,184.02093
c3,6-,C36H45N13O17P3S3,185.683246
x3,6-,C36H45N13O17P3S3,185.683246
b5,9-,C56H71N17O28P4S4,185.798143
c2,4-,C24H31N8O12P2S2,186.267176
x2,4-,C24H31N8O12P2S2,186.267176
z5,9-,C56H71N21O25P4S4,186.690093
y5,9-,C56H71N21O26P4S4,188.467306
d3,6-,C36H46N13O18P3S3,188.517036
w3,6-,C36H46N13O18P3S3,188.517036
w1,2-,C12H18N3O7P1S1,188.522878
d2,4-,C24H32N8O13P2S2,190.517861
w2,4-,C24H32N8O13P2S2,190.517861
z4,7-,C46H59N16O20P3S3,191.02796
a4,7-,C46H58N15O21P3S3,191.168533
c1,2-,C12H15N5O6P1S1,193.016757
y4,7-,C46H59N16O21P3S3,193.312947
b4,7-,C46H58N15O22P3S3,193.453521
c5,9-,C56H71N17O29P5S5,194.569337
d5,9-,C56H72N17O30P5S5,196.458531
x5,9-,C56H71N21O27P5S5,197.2385
w5,9-,C56H72N21O28P5S5,199.127694
d1,2-,C12H16N5O7P1S1,201.518127
z3,5-,C36H45N13O15P2S2,204.034218
a3,5-,C36H45N13O15P2S2,204.034218
x4,7-,C46H59N16O22P4S4,204.590197
c4,7-,C46H58N15O23P4S4,204.730771
w4,7-,C46H60N16O23P4S4,207.01916
a5,8-,C56H71N17O27P4S4,207.149456
d4,7-,C46H59N15O24P4S4,207.159734
b3,5-,C36H45N13O16P2S2,207.233201
y3,5-,C36H45N13O16P2S2,207.233201
b5,8-,C56H71N17O28P4S4,209.148821
z5,8-,C56H71N21O25P4S4,210.152265
y5,8-,C56H71N21O26P4S4,212.151629
z2,3-,C24H31N8O10P1S1,217.046773
a2,3-,C24H31N8O10P1S1,217.046773
c5,8-,C56H71N17O29P5S5,219.016414
a6,9-,C66H85N20O32P5S5,219.469728
d5,8-,C56H72N17O30P5S5,221.141757
b6,9-,C66H85N20O33P5S5,221.246941
x5,8-,C56H71N21O27P5S5,222.019222
b2,3-,C24H31N8O11P1S1,222.378411
y2,3-,C24H31N8O11P1S1,222.378411
x3,5-,C36H45N13O17P3S3,223.021351
c3,5-,C36H45N13O17P3S3,223.021351
z4,6-,C46H59N16O20P3S3,223.033832
a4,6-,C46H58N15O21P3S3,223.197835
z6,9-,C66H83N26O29P5S5,223.249511
w5,8-,C56H72N21O28P5S5,224.144565
y6,9-,C66H83N26O30P5S5,225.026724
y4,6-,C46H59N16O21P3S3,225.699651
b4,6-,C46H58N15O22P3S3,225.863654
d3,5-,C36H46N13O18P3S3,226.421899
w3,5-,C36H46N13O18P3S3,226.421899
c6,9-,C66H85N20O34P6S6,230.018135
d6,9-,C66H86N20O35P6S6,231.907328
x6,9-,C66H83N26O31P6S6,233.797918
w6,9-,C66H84N26O32P6S6,235.687112
a5,7-,C56H71N17O27P4S4,236.886132
x4,6-,C46H59N16O22P4S4,238.856443
c4,6-,C46H58N15O23P4S4,239.020445
b5,7-,C56H71N17O28P4S4,239.17112
z5,7-,C56H71N21O25P4S4,240.317913
w4,6-,C46H60N16O23P4S4,241.690233
d4,6-,C46H59N15O24P4S4,241.854235
y5,7-,C56H71N21O26P4S4,242.602901
a6,8-,C66H85N20O32P5S5,247.029354
c2,3-,C24H31N8O12P2S2,248.691993
x2,3-,C24H31N8O12P2S2,248.691993
b6,8-,C66H85N20O33P5S5,249.028718
c5,7-,C56H71N17O29P5S5,250.44837
z6,8-,C66H83N26O29P5S5,251.28161
d5,7-,C56H72N17O30P5S5,252.877333
y6,8-,C66H83N26O30P5S5,253.280974
x5,7-,C56H71N21O27P5S5,253.880151
d2,3-,C24H32N8O13P2S2,254.359573
w2,3-,C24H32N8O13P2S2,254.359573
a7,9-,C76H98N22O38P6S6,255.027861
z3,4-,C36H45N13O15P2S2,255.294592
a3,4-,C36H45N13O15P2S2,255.294592
w5,7-,C56H72N21O28P5S5,256.309114
b7,9-,C76H98N22O39P6S6,256.805074
z7,9-,C76H96N28O35P6S6,258.807644
c6,8-,C66H85N20O34P6S6,258.896311
b3,4-,C36H45N13O16P2S2,259.293321
y3,4-,C36H45N13O16P2S2,259.293321
y7,9-,C76H96N28O36P6S6,260.584857
d6,8-,C66H86N20O35P6S6,261.021654
x6,8-,C66H83N26O31P6S6,263.148568
w6,8-,C66H84N26O32P6S6,265.27391
c7,9-,C76H98N22O40P7S7,265.576268
z1,1-,C12H17N3O4,266.11463
d7,9-,C76H99N22O41P7S7,267.465461
z4,5-,C46H59N16O20P3S3,267.842054
a4,5-,C46H58N15O21P3S3,268.038857
x7,9-,C76H96N28O37P7S7,269.356051
y4,5-,C46H59N16O21P3S3,271.041037
b4,5-,C46H58N15O22P3S3,271.23784
w7,9-,C76H97N28O38P7S7,271.245244
a5,6-,C56H71N17O27P4S4,276.535034
x3,4-,C36H45N13O17P3S3,279.028508
c3,4-,C36H45N13O17P3S3,279.028508
b5,6-,C56H71N17O28P4S4,279.200853
z5,6-,C56H71N21O25P4S4,280.538778
y1,1-,C12H17N3O5,282.109544
a6,7-,C66H85N20O32P5S5,282.463158
y5,6-,C56H71N21O26P4S4,283.204598
d3,4-,C36H46N13O18P3S3,283.279193
w3,4-,C36H46N13O18P3S3,283.279193
b6,7-,C66H85N20O33P5S5,284.748146
x4,5-,C46H59N16O22P4S4,286.829187
c4,5-,C46H58N15O23P4S4,287.02599
a7,8-,C76H98N22O38P6S6,287.032253
z6,7-,C66H83N26O29P5S5,287.322879
b7,8-,C76H98N22O39P6S6,289.031617
y6,7-,C66H83N26O30P5S5,289.607867
w4,5-,C46H60N16O23P4S4,290.229734
d4,5-,C46H59N15O24P4S4,290.426538
z7,8-,C76H96N28O35P6S6,291.284509
a8,9-,C86H110N27O42P7S7,291.587279
a1,1-,C12H15N5O4,292.105128
c5,6-,C56H71N17O29P5S5,292.357644
y7,8-,C76H96N28O36P6S6,293.283874
b8,9-,C86H110N27O43P7S7,293.364492
d5,6-,C56H72N17O30P5S5,295.191434
z8,9-,C86H108N33O39P7S7,295.367062
c6,7-,C66H85N20O34P6S6,296.025395
x5,6-,C56H71N21O27P5S5,296.361389
y8,9-,C86H108N33O40P7S7,297.144275
d6,7-,C66H86N20O35P6S6,298.454358
c7,8-,C76H98N22O40P7S7,298.899211
w5,6-,C56H72N21O28P5S5,299.195179
x6,7-,C66H83N26O31P6S6,300.885117
d7,8-,C76H99N22O41P7S7,301.024553
c8,9-,C86H110N27O44P8S8,302.135686
x7,8-,C76H96N28O37P7S7,303.151467
w6,7-,C66H84N26O32P6S6,303.31408
d8,9-,C86H111N27O45P8S8,304.024879
w7,8-,C76H97N28O38P7S7,305.276809
x8,9-,C86H108N33O41P8S8,305.915469
w8,9-,C86H109N33O42P8S8,307.804662
b1,1-,C12H15N5O5,308.100042
z2,2-,C24H31N8O10P1S1,326.073797
a2,2-,C24H31N8O10P1S1,326.073797
a9,9-,C96H122N32O46P8S8,328.146697
a8,8-,C86H110N27O42P7S7,328.161598
a7,7-,C76H98N22O38P6S6,328.180757
a6,6-,C66H85N20O32P5S5,329.70823
b9,9-,C96H122N32O47P8S8,329.92391
b8,8-,C86H110N27O43P7S7,330.160963
b7,7-,C76H98N22O39P6S6,330.465745
z9,9-,C96H120N38O43P8S8,331.92648
a5,5-,C56H71N17O27P4S4,332.043496
b6,6-,C66H85N20O33P5S5,332.37405
z8,8-,C86H108N33O39P7S7,332.413854
z7,7-,C76H96N28O35P6S6,333.040479
y9,9-,C96H120N38O44P8S8,333.703693
y2,2-,C24H31N8O11P1S1,334.071255
b2,2-,C24H31N8O11P1S1,334.071255
y8,8-,C86H108N33O40P7S7,334.413219
z4,4-,C46H59N16O20P3S3,335.054387
b5,5-,C56H71N17O28P4S4,335.242479
a4,4-,C46H58N15O21P3S3,335.300391
y7,7-,C76H96N28O36P6S6,335.325466
z6,6-,C66H83N26O29P5S5,335.377905
z5,5-,C56H71N21O25P4S4,336.847989
y6,6-,C66H83N26O30P5S5,338.043725
c9,9-,C96H122N32O48P9S9,338.695104
y4,4-,C46H59N16O21P3S3,339.053115
b4,4-,C46H58N15O22P3S3,339.299119
c8,8-,C86H110N27O44P8S8,340.028556
y5,5-,C56H71N21O26P4S4,340.046972
d9,9-,C96H123N32O49P9S9,340.584297
z3,3-,C36H45N13O15P2S2,340.728548
a3,3-,C36H45N13O15P2S2,340.728548
c7,7-,C76H98N22O40P7S7,341.742995
d8,8-,C86H111N27O45P8S8,342.153898
x9,9-,C96H120N38O45P9S9,342.474887
d7,7-,C76H99N22O41P7S7,344.171957
x8,8-,C86H108N33O41P8S8,344.280812
w9,9-,C96H121N38O46P9S9,344.36408
c6,6-,C66H85N20O34P6S6,345.530841
y3,3-,C36H45N13O16P2S2,346.060186
b3,3-,C36H45N13O16P2S2,346.060186
w8,8-,C86H109N33O42P8S8,346.406155
x7,7-,C76H96N28O37P7S7,346.602716
d6,6-,C66H86N20O35P6S6,348.364631
w7,7-,C76H97N28O38P7S7,349.031679
c5,5-,C56H71N17O29P5S5,351.030629
x6,6-,C66H83N26O31P6S6,351.200516
w6,6-,C66H84N26O32P6S6,354.034306
d5,5-,C56H72N17O30P5S5,354.431176
x5,5-,C56H71N21O27P5S5,355.835122
x4,4-,C46H59N16O22P4S4,358.788302
c4,4-,C46H58N15O23P4S4,359.034306
w5,5-,C56H72N21O28P5S5,359.23567
x1,1-,C12H17N3O6P1S1,361.050292
w4,4-,C46H60N16O23P4S4,363.038987
d4,4-,C46H59N15O24P4S4,363.284991
a10,9-,C106H135N34O52P9S9,363.70483
b10,9-,C106H135N34O53P9S9,365.482042
z10,9-,C106H133N40O49P9S9,367.484613
y10,9-,C106H133N40O50P9S9,369.261826
a9,8-,C96H122N32O46P8S8,369.290943
b9,8-,C96H122N32O47P8S8,371.290308
c3,3-,C36H45N13O17P3S3,372.373769
x3,3-,C36H45N13O17P3S3,372.373769
x2,2-,C24H31N8O12P2S2,373.541628
c2,2-,C24H31N8O12P2S2,373.541628
z9,8-,C96H120N38O43P8S8,373.5432
c10,9-,C106H135N34O54P10S10,374.253236
a8,7-,C86H110N27O42P7S7,375.185723
y9,8-,C96H120N38O44P8S8,375.542564
d10,9-,C106H136N34O55P10S10,376.14243
b8,7-,C86H110N27O43P7S7,377.470711
x10,9-,C106H133N40O51P10S10,378.03302
d3,3-,C36H46N13O18P3S3,378.041349
w3,3-,C36H46N13O18P3S3,378.041349
w1,1-,C12H18N3O7P1S1,378.053032
w10,9-,C106H134N40O52P10S10,379.922213
z8,7-,C86H108N33O39P7S7,380.045445
c9,8-,C96H122N32O48P9S9,381.157901
d2,2-,C24H32N8O13P2S2,382.042998
w2,2-,C24H32N8O13P2S2,382.042998
y8,7-,C86H108N33O40P7S7,382.330432
a7,6-,C76H98N22O38P6S6,383.045429
d9,8-,C96H123N32O49P9S9,383.283244
x9,8-,C96H120N38O45P9S9,385.410158
b7,6-,C76H98N22O39P6S6,385.711249
c1,1-,C12H15N5O6P1S1,387.04079
w9,8-,C96H121N38O46P9S9,387.5355
z7,6-,C76H96N28O35P6S6,388.715104
c8,7-,C86H110N27O44P8S8,388.747961
d8,7-,C86H111N27O45P8S8,391.176923
y7,6-,C76H96N28O36P6S6,391.380924
x8,7-,C86H108N33O41P8S8,393.607682
a6,5-,C66H85N20O32P5S5,395.851332
w8,7-,C86H109N33O42P8S8,396.036645
c7,6-,C76H98N22O40P7S7,398.86804
b6,5-,C66H85N20O33P5S5,399.050315
a11,9-,C116H147N39O56P10S10,400.264248
d7,6-,C76H99N22O41P7S7,401.70183
b11,9-,C116H147N39O57P10S10,402.04146
z6,5-,C66H83N26O29P5S5,402.654942
z11,9-,C116H147N43O54P10S10,402.93341
d1,1-,C12H16N5O7P1S1,404.04353
x7,6-,C76H96N28O37P7S7,404.537715
y11,9-,C116H147N43O55P10S10,404.710623
y6,5-,C66H83N26O30P5S5,405.853925
w7,6-,C76H97N28O38P7S7,407.371505
a10,8-,C106H135N34O52P9S9,409.293843
c11,9-,C116H147N39O58P11S11,410.812654
b10,8-,C106H135N34O53P9S9,411.293207
d11,9-,C116H148N39O59P11S11,412.701848
x11,9-,C116H147N43O56P11S11,413.481817
z10,8-,C106H133N40O49P9S9,413.546099
c6,5-,C66H85N20O34P6S6,414.838464
a5,4-,C56H71N17O27P4S4,415.306189
w11,9-,C116H148N43O57P11S11,415.371011
y10,8-,C106H133N40O50P9S9,415.545463
d6,5-,C66H86N20O35P6S6,418.239012
b5,4-,C56H71N17O28P4S4,419.304918
c10,8-,C106H135N34O54P10S10,421.160801
z5,4-,C56H71N21O25P4S4,421.311806
x6,5-,C66H83N26O31P6S6,421.642074
a9,7-,C96H122N32O46P8S8,422.190689
d10,8-,C106H136N34O55P10S10,423.286143
b9,7-,C96H122N32O47P8S8,424.475677
w6,5-,C66H84N26O32P6S6,425.042622
y5,4-,C56H71N21O26P4S4,425.310535
x10,8-,C106H133N40O51P10S10,425.413057
z9,7-,C96H120N38O43P8S8,427.050411
w10,8-,C106H134N40O52P10S10,427.538399
y9,7-,C96H120N38O44P8S8,429.335398
c9,7-,C96H122N32O48P9S9,435.752927
a8,6-,C86H110N27O42P7S7,437.884556
d9,7-,C96H123N32O49P9S9,438.181889
z12,9-,C126H160N45O60P11S11,438.491543
a12,9-,C126H159N44O61P11S11,438.600878
c5,4-,C56H71N17O29P5S5,439.040105
y12,9-,C126H160N45O61P11S11,440.268756
b12,9-,C126H159N44O62P11S11,440.378091
b8,6-,C86H110N27O43P7S7,440.550376
x9,7-,C96H120N38O45P9S9,440.612648
w9,7-,C96H121N38O46P9S9,443.041611
d5,4-,C56H72N17O30P5S5,443.29079
z8,6-,C86H108N33O39P7S7,443.554231
x5,4-,C56H71N21O27P5S5,445.045721
y8,6-,C86H108N33O40P7S7,446.220051
z4,3-,C46H59N16O20P3S3,447.074941
a4,3-,C46H58N15O21P3S3,447.402946
x12,9-,C126H160N45O62P12S12,449.03995
c12,9-,C126H159N44O63P12S12,449.149285
w5,4-,C56H72N21O28P5S5,449.296406
a11,8-,C116H147N39O56P10S10,450.423188
w12,9-,C126H161N45O63P12S12,450.929143
d12,9-,C126H160N44O64P12S12,451.038478
y4,3-,C46H59N16O21P3S3,452.406579
b11,8-,C116H147N39O57P10S10,452.422552
b4,3-,C46H58N15O22P3S3,452.734585
z11,8-,C116H147N43O54P10S10,453.425996
c8,6-,C86H110N27O44P8S8,453.707167
y11,8-,C116H147N43O55P10S10,455.425361
d8,6-,C86H111N27O45P8S8,456.540957
x8,6-,C86H108N33O41P8S8,459.376842
a7,5-,C76H98N22O38P6S6,459.855971
w8,6-,C86H109N33O42P8S8,462.210632
c11,8-,C116H147N39O58P11S11,462.290146
b7,5-,C76H98N22O39P6S6,463.054954
d11,8-,C116H148N39O59P11S11,464.415488
x11,8-,C116H147N43O56P11S11,465.292954
z7,5-,C76H96N28O35P6S6,466.659581
w11,8-,C116H148N43O57P11S11,467.418297
a10,7-,C106H135N34O52P9S9,467.908288
y7,5-,C76H96N28O36P6S6,469.858564
b10,7-,C106H135N34O53P9S9,470.193276
z10,7-,C106H133N40O49P9S9,472.76801
a13,9-,C136H173N47O66P12S12,474.049676
z13,9-,C136H173N47O66P12S12,474.049676
y10,7-,C106H133N40O50P9S9,475.052998
b13,9-,C136H173N47O67P12S12,475.826889
y13,9-,C136H173N47O67P12S12,475.826889
x4,3-,C46H59N16O22P4S4,478.720162
c7,5-,C76H98N22O40P7S7,478.843103
c4,3-,C46H58N15O23P4S4,479.048167
c10,7-,C106H135N34O54P10S10,481.470526
d7,5-,C76H99N22O41P7S7,482.243651
d10,7-,C106H136N34O55P10S10,483.899489
w4,3-,C46H60N16O23P4S4,484.387742
x13,9-,C136H173N47O68P13S13,484.598083
c13,9-,C136H173N47O68P13S13,484.598083
d4,3-,C46H59N15O24P4S4,484.715747
x7,5-,C76H96N28O37P7S7,485.646713
x10,7-,C106H133N40O51P10S10,486.330247
w13,9-,C136H174N47O69P13S13,486.487276
d13,9-,C136H174N47O69P13S13,486.487276
w10,7-,C106H134N40O52P10S10,488.75921
w7,5-,C76H97N28O38P7S7,489.047261
a9,6-,C96H122N32O46P8S8,492.723683
z12,8-,C126H160N45O60P11S11,493.428896
a12,8-,C126H159N44O61P11S11,493.551898
a6,4-,C66H85N20O32P5S5,495.065984
b9,6-,C96H122N32O47P8S8,495.389503
y12,8-,C126H160N45O61P11S11,495.42826
b12,8-,C126H159N44O62P11S11,495.551262
z9,6-,C96H120N38O43P8S8,498.393358
b6,4-,C66H85N20O33P5S5,499.064713
y9,6-,C96H120N38O44P8S8,501.059178
z6,4-,C66H83N26O29P5S5,503.570496
x12,8-,C126H160N45O62P12S12,505.295853
c12,8-,C126H159N44O63P12S12,505.418855
w12,8-,C126H161N45O63P12S12,507.421196
d12,8-,C126H160N44O64P12S12,507.544198
y6,4-,C66H83N26O30P5S5,507.569225
c9,6-,C96H122N32O48P9S9,508.546294
d9,6-,C96H123N32O49P9S9,511.380084
a3,2-,C36H45N13O15P2S2,511.596461
z3,2-,C36H45N13O15P2S2,511.596461
x9,6-,C96H120N38O45P9S9,514.215969
a11,7-,C116H147N39O56P10S10,514.913254
z14,9-,C148H187N52O71P13S13,515.276934
a14,9-,C148H187N52O71P13S13,515.276934
w9,6-,C96H121N38O46P9S9,517.049759
y14,9-,C148H187N52O72P13S13,517.054147
b14,9-,C148H187N52O72P13S13,517.054147
b11,7-,C116H147N39O57P10S10,517.198242
z11,7-,C116H147N43O54P10S10,518.345035
c6,4-,C66H85N20O34P6S6,518.799899
y3,2-,C36H45N13O16P2S2,519.593918
b3,2-,C36H45N13O16P2S2,519.593918
y11,7-,C116H147N43O55P10S10,520.630023
d6,4-,C66H86N20O35P6S6,523.050584
a8,5-,C86H110N27O42P7S7,525.662923
x14,9-,C148H187N52O73P14S14,525.825341
c14,9-,C148H187N52O73P14S14,525.825341
x6,4-,C66H83N26O31P6S6,527.304412
d14,9-,C148H188N52O74P14S14,527.714535
w14,9-,C148H188N52O74P14S14,527.714535
c11,7-,C116H147N39O58P11S11,528.475492
b8,5-,C86H110N27O43P7S7,528.861906
d11,7-,C116H148N39O59P11S11,530.904455
w6,4-,C66H84N26O32P6S6,531.555097
x11,7-,C116H147N43O56P11S11,531.907273
z8,5-,C86H108N33O39P7S7,532.466533
a13,8-,C136H173N47O66P12S12,533.431795
z13,8-,C136H173N47O66P12S12,533.431795
w11,7-,C116H148N43O57P11S11,534.336236
y13,8-,C136H173N47O67P12S12,535.431159
b13,8-,C136H173N47O67P12S12,535.431159
y8,5-,C86H108N33O40P7S7,535.665516
c8,5-,C86H110N27O44P8S8,544.650056
x13,8-,C136H173N47O68P13S13,545.298753
c13,8-,C136H173N47O68P13S13,545.298753
a10,6-,C106H135N34O52P9S9,546.060883
d13,8-,C136H174N47O69P13S13,547.424095
w13,8-,C136H174N47O69P13S13,547.424095
d8,5-,C86H111N27O45P8S8,548.050603
b10,6-,C106H135N34O53P9S9,548.726702
x8,5-,C86H108N33O41P8S8,551.453666
z10,6-,C106H133N40O49P9S9,551.730558
a5,3-,C56H71N17O27P4S4,554.077344
y10,6-,C106H133N40O50P9S9,554.396377
w8,5-,C86H109N33O42P8S8,554.854213
z15,9-,C160H203N55O77P14S14,555.393573
y15,9-,C160H203N55O78P14S14,557.170785
a15,9-,C160H201N57O77P14S14,558.281406
c3,2-,C36H45N13O17P3S3,559.064292
x3,2-,C36H45N13O17P3S3,559.064292
b5,3-,C56H71N17O28P4S4,559.408983
b15,9-,C160H201N57O78P14S14,560.058618
c10,6-,C106H135N34O54P10S10,561.883493
z5,3-,C56H71N21O25P4S4,562.084833
z12,7-,C126H160N45O60P11S11,564.062635
a12,7-,C126H159N44O61P11S11,564.203208
d10,6-,C106H136N34O55P10S10,564.717283
x15,9-,C160H203N55O79P15S15,565.94198
y12,7-,C126H160N45O61P11S11,566.347622
b12,7-,C126H159N44O62P11S11,566.488196
y5,3-,C56H71N21O26P4S4,567.416472
x10,6-,C106H133N40O51P10S10,567.553168
w3,2-,C36H46N13O18P3S3,567.565662
d3,2-,C36H46N13O18P3S3,567.565662
w15,9-,C160H204N55O80P15S15,567.831173
c15,9-,C160H201N57O79P15S15,568.829813
w10,6-,C106H134N40O52P10S10,570.386958
d15,9-,C160H202N57O80P15S15,570.719006
a7,4-,C76H98N22O38P6S6,575.071782
x12,7-,C126H160N45O62P12S12,577.624872
c12,7-,C126H159N44O63P12S12,577.765446
b7,4-,C76H98N22O39P6S6,579.070511
z14,8-,C148H187N52O71P13S13,579.812461
a14,8-,C148H187N52O71P13S13,579.812461
w12,7-,C126H161N45O63P12S12,580.053835
d12,7-,C126H160N44O64P12S12,580.194408
b14,8-,C148H187N52O72P13S13,581.811825
y14,8-,C148H187N52O72P13S13,581.811825
z7,4-,C76H96N28O35P6S6,583.576295
c5,3-,C56H71N17O29P5S5,585.722565
y7,4-,C76H96N28O36P6S6,587.575024
d5,3-,C56H72N17O30P5S5,591.390145
a9,5-,C96H122N32O46P8S8,591.469875
x14,8-,C148H187N52O73P14S14,591.679419
c14,8-,C148H187N52O73P14S14,591.679419
x5,3-,C56H71N21O27P5S5,593.730054
d14,8-,C148H188N52O74P14S14,593.804761
w14,8-,C148H188N52O74P14S14,593.804761
b9,5-,C96H122N32O47P8S8,594.668858
z9,5-,C96H120N38O43P8S8,598.273485
c7,4-,C76H98N22O40P7S7,598.805698
w5,3-,C56H72N21O28P5S5,599.397634
a11,6-,C116H147N39O56P10S10,600.90001
y9,5-,C96H120N38O44P8S8,601.472468
d7,4-,C76H99N22O41P7S7,603.056383
b11,6-,C116H147N39O57P10S10,603.565829
z11,6-,C116H147N43O54P10S10,604.903754
x7,4-,C76H96N28O37P7S7,607.310211
y11,6-,C116H147N43O55P10S10,607.569573
a13,7-,C136H173N47O66P12S12,609.780234
z13,7-,C136H173N47O66P12S12,609.780234
c9,5-,C96H122N32O48P9S9,610.457008
w7,4-,C76H97N28O38P7S7,611.560895
y13,7-,C136H173N47O67P12S12,612.065222
b13,7-,C136H173N47O67P12S12,612.065222
d9,5-,C96H123N32O49P9S9,613.857556
c11,6-,C116H147N39O58P11S11,616.72262
x9,5-,C96H120N38O45P9S9,617.260618
d11,6-,C116H148N39O59P11S11,619.55641
w9,5-,C96H121N38O46P9S9,620.661166
x11,6-,C116H147N43O56P11S11,620.726364
x13,7-,C136H173N47O68P13S13,623.342471
c13,7-,C136H173N47O68P13S13,623.342471
w11,6-,C116H148N43O57P11S11,623.560154
z15,8-,C160H203N55O77P14S14,624.943679
d13,7-,C136H174N47O69P13S13,625.771434
w13,7-,C136H174N47O69P13S13,625.771434
y15,8-,C160H203N55O78P14S14,626.943043
a15,8-,C160H201N57O77P14S14,628.192491
b15,8-,C160H201N57O78P14S14,630.191855
x15,8-,C160H203N55O79P15S15,636.810637
w15,8-,C160H204N55O80P15S15,638.935979
c15,8-,C160H201N57O79P15S15,640.059449
d15,8-,C160H202N57O80P15S15,642.184791
z2,1-,C24H31N8O10P1S1,653.154871
a2,1-,C24H31N8O10P1S1,653.154871
a10,5-,C106H135N34O52P9S9,655.474514
a8,4-,C86H110N27O42P7S7,657.330473
z12,6-,C126H160N45O60P11S11,658.240953
a12,6-,C126H159N44O61P11S11,658.404956
b10,5-,C106H135N34O53P9S9,658.673497
a6,3-,C66H85N20O32P5S5,660.423737
y12,6-,C126H160N45O61P11S11,660.906772
b12,6-,C126H159N44O62P11S11,661.070775
b8,4-,C86H110N27O43P7S7,661.329202
z10,5-,C106H133N40O49P9S9,662.278124
z14,7-,C148H187N52O71P13S13,662.786709
a14,7-,C148H187N52O71P13S13,662.786709
y14,7-,C148H187N52O72P13S13,665.071697
b14,7-,C148H187N52O72P13S13,665.071697
y10,5-,C106H133N40O50P9S9,665.477107
b6,3-,C66H85N20O33P5S5,665.755376
z8,4-,C86H108N33O39P7S7,665.834985
b2,1-,C24H31N8O11P1S1,669.149786
y2,1-,C24H31N8O11P1S1,669.149786
y8,4-,C86H108N33O40P7S7,669.833714
z4,2-,C46H59N16O20P3S3,671.11605
a4,2-,C46H58N15O21P3S3,671.608058
z6,3-,C66H83N26O29P5S5,671.763087
x12,6-,C126H160N45O62P12S12,674.063563
c12,6-,C126H159N44O63P12S12,674.227566
c10,5-,C106H135N34O54P10S10,674.461647
Mp - 8H,8-,C172H217N60O84P15S15,675.323073
x14,7-,C148H187N52O73P14S14,676.348946
c14,7-,C148H187N52O73P14S14,676.348946
w12,6-,C126H161N45O63P12S12,676.897353
d12,6-,C126H160N44O64P12S12,677.061356
y6,3-,C66H83N26O30P5S5,677.094726
d10,5-,C106H136N34O55P10S10,677.862195
d14,7-,C148H188N52O74P14S14,678.777909
w14,7-,C148H188N52O74P14S14,678.777909
y4,2-,C46H59N16O21P3S3,679.113507
b4,2-,C46H58N15O22P3S3,679.605515
c8,4-,C86H110N27O44P8S8,681.064389
x10,5-,C106H133N40O51P10S10,681.265257
w10,5-,C106H134N40O52P10S10,684.665805
d8,4-,C86H111N27O45P8S8,685.315073
x8,4-,C86H108N33O41P8S8,689.568901
c6,3-,C66H85N20O34P6S6,692.068958
w8,4-,C86H109N33O42P8S8,693.819586
d6,3-,C66H86N20O35P6S6,697.736538
x6,3-,C66H83N26O31P6S6,703.408308
w6,3-,C66H84N26O32P6S6,709.075888
z13,6-,C136H173N47O66P12S12,711.578152
a13,6-,C136H173N47O66P12S12,711.578152
b13,6-,C136H173N47O67P12S12,714.243971
y13,6-,C136H173N47O67P12S12,714.243971
z15,7-,C160H203N55O77P14S14,714.365244
y15,7-,C160H203N55O78P14S14,716.650232
a15,7-,C160H201N57O77P14S14,718.078172
x4,2-,C46H59N16O22P4S4,718.583881
c4,2-,C46H58N15O23P4S4,719.075889
b15,7-,C160H201N57O78P14S14,720.36316
a11,5-,C116H147N39O56P10S10,721.281467
b11,5-,C116H147N39O57P10S10,724.48045
z11,5-,C116H147N43O54P10S10,726.08596
w4,2-,C46H60N16O23P4S4,727.085251
x13,6-,C136H173N47O68P13S13,727.400762
c13,6-,C136H173N47O68P13S13,727.400762
d4,2-,C46H59N15O24P4S4,727.577259
x15,7-,C160H203N55O79P15S15,727.927481
y11,5-,C116H147N43O55P10S10,729.284943
w13,6-,C136H174N47O69P13S13,730.234552
d13,6-,C136H174N47O69P13S13,730.234552
w15,7-,C160H204N55O80P15S15,730.356444
c15,7-,C160H201N57O79P15S15,731.64041
d15,7-,C160H202N57O80P15S15,734.069372
a9,4-,C96H122N32O46P8S8,739.589163
c11,5-,C116H147N39O58P11S11,740.268599
b9,4-,C96H122N32O47P8S8,743.587892
d11,5-,C116H148N39O59P11S11,743.669147
x11,5-,C116H147N43O56P11S11,745.073093
c2,1-,C24H31N8O12P2S2,748.090533
x2,1-,C24H31N8O12P2S2,748.090533
z9,4-,C96H120N38O43P8S8,748.093676
w11,5-,C116H148N43O57P11S11,748.47364
y9,4-,C96H120N38O44P8S8,752.092405
c9,4-,C96H122N32O48P9S9,763.323079
d2,1-,C24H32N8O13P2S2,765.093273
w2,1-,C24H32N8O13P2S2,765.093273
a7,3-,C76H98N22O38P6S6,767.098135
d9,4-,C96H123N32O49P9S9,767.573764
x9,4-,C96H120N38O45P9S9,771.827592
Mp - 7H,7-,C172H217N60O84P15S15,771.941695
b7,3-,C76H98N22O39P6S6,772.429774
a14,6-,C148H187N52O71P13S13,773.41904
z14,6-,C148H187N52O71P13S13,773.41904
w9,4-,C96H121N38O46P9S9,776.078276
b14,6-,C148H187N52O72P13S13,776.084859
y14,6-,C148H187N52O72P13S13,776.084859
z7,3-,C76H96N28O35P6S6,778.437485
y7,3-,C76H96N28O36P6S6,783.769124
x14,6-,C148H187N52O73P14S14,789.24165
c14,6-,C148H187N52O73P14S14,789.24165
z12,5-,C126H160N45O60P11S11,790.090599
a12,5-,C126H159N44O61P11S11,790.287402
w14,6-,C148H188N52O74P14S14,792.07544
d14,6-,C148H188N52O74P14S14,792.07544
y12,5-,C126H160N45O61P11S11,793.289582
b12,5-,C126H159N44O62P11S11,793.486385
c7,3-,C76H98N22O40P7S7,798.743356
d7,3-,C76H99N22O41P7S7,804.410936
x12,5-,C126H160N45O62P12S12,809.077731
c12,5-,C126H159N44O63P12S12,809.274535
x7,3-,C76H96N28O37P7S7,810.082706
w12,5-,C126H161N45O63P12S12,812.478279
d12,5-,C126H160N44O64P12S12,812.675082
w7,3-,C76H97N28O38P7S7,815.750286
a10,4-,C106H135N34O52P9S9,819.594962
b10,4-,C106H135N34O53P9S9,823.593691
z10,4-,C106H133N40O49P9S9,828.099475
a5,2-,C56H71N17O27P4S4,831.619655
y10,4-,C106H133N40O50P9S9,832.098203
z15,6-,C160H203N55O77P14S14,833.593997
y15,6-,C160H203N55O78P14S14,836.259816
a15,6-,C160H201N57O77P14S14,837.925747
b5,2-,C56H71N17O28P4S4,839.617112
b15,6-,C160H201N57O78P14S14,840.591566
c10,4-,C106H135N34O54P10S10,843.328878
z5,2-,C56H71N21O25P4S4,843.630888
d10,4-,C106H136N34O55P10S10,847.579563
x15,6-,C160H203N55O79P15S15,849.416608
y5,2-,C56H71N21O26P4S4,851.628346
x10,4-,C106H133N40O51P10S10,851.83339
w15,6-,C160H204N55O80P15S15,852.250397
c15,6-,C160H201N57O79P15S15,853.748357
z13,5-,C136H173N47O66P12S12,854.095238
a13,5-,C136H173N47O66P12S12,854.095238
w10,4-,C106H134N40O52P10S10,856.084075
d15,6-,C160H202N57O80P15S15,856.582147
b13,5-,C136H173N47O67P12S12,857.294221
y13,5-,C136H173N47O67P12S12,857.294221
x13,5-,C136H173N47O68P13S13,873.08237
c13,5-,C136H173N47O68P13S13,873.08237
w13,5-,C136H174N47O69P13S13,876.482918
d13,5-,C136H174N47O69P13S13,876.482918
a8,3-,C86H110N27O42P7S7,876.776389
c5,2-,C56H71N17O29P5S5,879.087486
b8,3-,C86H110N27O43P7S7,882.108028
d5,2-,C56H72N17O30P5S5,887.588856
z8,3-,C86H108N33O39P7S7,888.115739
x5,2-,C56H71N21O27P5S5,891.098719
y8,3-,C86H108N33O40P7S7,893.447378
w5,2-,C56H72N21O28P5S5,899.600089
Mp - 6H,6-,C172H217N60O84P15S15,900.766523
a11,4-,C116H147N39O56P10S10,901.853653
b11,4-,C116H147N39O57P10S10,905.852381
z11,4-,C116H147N43O54P10S10,907.859269
c8,3-,C86H110N27O44P8S8,908.42161
y11,4-,C116H147N43O55P10S10,911.857998
d8,3-,C86H111N27O45P8S8,914.08919
x8,3-,C86H108N33O41P8S8,919.76096
w8,3-,C86H109N33O42P8S8,925.42854
c11,4-,C116H147N39O58P11S11,925.587568
a14,5-,C148H187N52O71P13S13,928.304303
z14,5-,C148H187N52O71P13S13,928.304303
d11,4-,C116H148N39O59P11S11,929.838253
y14,5-,C148H187N52O72P13S13,931.503286
b14,5-,C148H187N52O72P13S13,931.503286
x11,4-,C116H147N43O56P11S11,931.593185
w11,4-,C116H148N43O57P11S11,935.84387
c14,5-,C148H187N52O73P14S14,947.291436
x14,5-,C148H187N52O73P14S14,947.291436
d14,5-,C148H188N52O74P14S14,950.691984
w14,5-,C148H188N52O74P14S14,950.691984
a9,3-,C96H122N32O46P8S8,986.454643
z12,4-,C126H160N45O60P11S11,987.865068
a12,4-,C126H159N44O61P11S11,988.111072
a6,2-,C66H85N20O32P5S5,991.139244
b9,3-,C96H122N32O47P8S8,991.786282
y12,4-,C126H160N45O61P11S11,991.863796
b12,4-,C126H159N44O62P11S11,992.1098
z9,3-,C96H120N38O43P8S8,997.793993
b6,2-,C66H85N20O33P5S5,999.136702
z15,5-,C160H203N55O77P14S14,1000.514252
y9,3-,C96H120N38O44P8S8,1003.125632
y15,5-,C160H203N55O78P14S14,1003.713235
a15,5-,C160H201N57O77P14S14,1005.712351
z6,2-,C66H83N26O29P5S5,1008.148269
b15,5-,C160H201N57O78P14S14,1008.911334
x12,4-,C126H160N45O62P12S12,1011.598983
c12,4-,C126H159N44O63P12S12,1011.844987
w12,4-,C126H161N45O63P12S12,1015.849668
d12,4-,C126H160N44O64P12S12,1016.095672
y6,2-,C66H83N26O30P5S5,1016.145727
c9,3-,C96H122N32O48P9S9,1018.099864
x15,5-,C160H203N55O79P15S15,1019.501384
w15,5-,C160H204N55O80P15S15,1022.901932
d9,3-,C96H123N32O49P9S9,1023.767444
a3,1-,C36H45N13O15P2S2,1024.200198
z3,1-,C36H45N13O15P2S2,1024.200198
c15,5-,C160H201N57O79P15S15,1024.699484
d15,5-,C160H202N57O80P15S15,1028.100032
x9,3-,C96H120N38O45P9S9,1029.439214
w9,3-,C96H121N38O46P9S9,1035.106794
c6,2-,C66H85N20O34P6S6,1038.607075
y3,1-,C36H45N13O16P2S2,1040.195112
b3,1-,C36H45N13O16P2S2,1040.195112
d6,2-,C66H86N20O35P6S6,1047.108445
x6,2-,C66H83N26O31P6S6,1055.6161
w6,2-,C66H84N26O32P6S6,1064.11747
a13,4-,C136H173N47O66P12S12,1067.870866
z13,4-,C136H173N47O66P12S12,1067.870866
b13,4-,C136H173N47O67P12S12,1071.869595
y13,4-,C136H173N47O67P12S12,1071.869595
Mp - 5H,5-,C172H217N60O84P15S15,1081.121283
x13,4-,C136H173N47O68P13S13,1091.604782
c13,4-,C136H173N47O68P13S13,1091.604782
a10,3-,C106H135N34O52P9S9,1093.129042
d13,4-,C136H174N47O69P13S13,1095.855467
w13,4-,C136H174N47O69P13S13,1095.855467
b10,3-,C106H135N34O53P9S9,1098.46068
z10,3-,C106H133N40O49P9S9,1104.468392
y10,3-,C106H133N40O50P9S9,1109.80003
x3,1-,C36H45N13O17P3S3,1119.13586
c3,1-,C36H45N13O17P3S3,1119.13586
c10,3-,C106H135N34O54P10S10,1124.774262
d10,3-,C106H136N34O55P10S10,1130.441842
x10,3-,C106H133N40O51P10S10,1136.113612
d3,1-,C36H46N13O18P3S3,1136.1386
w3,1-,C36H46N13O18P3S3,1136.1386
w10,3-,C106H134N40O52P10S10,1141.781192
a7,2-,C76H98N22O38P6S6,1151.150841
b7,2-,C76H98N22O39P6S6,1159.148299
z14,4-,C148H187N52O71P13S13,1160.632198
a14,4-,C148H187N52O71P13S13,1160.632198
b14,4-,C148H187N52O72P13S13,1164.630927
y14,4-,C148H187N52O72P13S13,1164.630927
z7,2-,C76H96N28O35P6S6,1168.159866
y7,2-,C76H96N28O36P6S6,1176.157324
c14,4-,C148H187N52O73P14S14,1184.366114
x14,4-,C148H187N52O73P14S14,1184.366114
d14,4-,C148H188N52O74P14S14,1188.616799
w14,4-,C148H188N52O74P14S14,1188.616799
c7,2-,C76H98N22O40P7S7,1198.618673
a11,3-,C116H147N39O56P10S10,1202.807296
d7,2-,C76H99N22O41P7S7,1207.120042
b11,3-,C116H147N39O57P10S10,1208.138934
z11,3-,C116H147N43O54P10S10,1210.814784
x7,2-,C76H96N28O37P7S7,1215.627698
y11,3-,C116H147N43O55P10S10,1216.146423
w7,2-,C76H97N28O38P7S7,1224.129067
c11,3-,C116H147N39O58P11S11,1234.452516
d11,3-,C116H148N39O59P11S11,1240.120096
x11,3-,C116H147N43O56P11S11,1242.460005
w11,3-,C116H148N43O57P11S11,1248.127585
z15,4-,C160H203N55O77P14S14,1250.894634
y15,4-,C160H203N55O78P14S14,1254.893363
a15,4-,C160H201N57O77P14S14,1257.392258
b15,4-,C160H201N57O78P14S14,1261.390987
x15,4-,C160H203N55O79P15S15,1274.62855
w15,4-,C160H204N55O80P15S15,1278.879234
c15,4-,C160H201N57O79P15S15,1281.126174
d15,4-,C160H202N57O80P15S15,1285.376859
a8,2-,C86H110N27O42P7S7,1315.668222
z12,3-,C126H160N45O60P11S11,1317.489183
a12,3-,C126H159N44O61P11S11,1317.817188
y12,3-,C126H160N45O61P11S11,1322.820821
b12,3-,C126H159N44O62P11S11,1323.148826
b8,2-,C86H110N27O43P7S7,1323.66568
z8,2-,C86H108N33O39P7S7,1332.677247
y8,2-,C86H108N33O40P7S7,1340.674705
z4,1-,C46H59N16O20P3S3,1343.239376
a4,1-,C46H58N15O21P3S3,1344.223392
x12,3-,C126H160N45O62P12S12,1349.134403
c12,3-,C126H159N44O63P12S12,1349.462409
Mp - 4H,4-,C172H217N60O84P15S15,1351.653423
w12,3-,C126H161N45O63P12S12,1354.801983
d12,3-,C126H160N44O64P12S12,1355.129988
y4,1-,C46H59N16O21P3S3,1359.234291
b4,1-,C46H58N15O22P3S3,1360.218307
c8,2-,C86H110N27O44P8S8,1363.136054
d8,2-,C86H111N27O45P8S8,1371.637423
x8,2-,C86H108N33O41P8S8,1380.145079
w8,2-,C86H109N33O42P8S8,1388.646448
a13,3-,C136H173N47O66P12S12,1424.163581
z13,3-,C136H173N47O66P12S12,1424.163581
y13,3-,C136H173N47O67P12S12,1429.495219
b13,3-,C136H173N47O67P12S12,1429.495219
x4,1-,C46H59N16O22P4S4,1438.175039
c4,1-,C46H58N15O23P4S4,1439.159054
w4,1-,C46H60N16O23P4S4,1455.177778
x13,3-,C136H173N47O68P13S13,1455.808801
c13,3-,C136H173N47O68P13S13,1455.808801
d4,1-,C46H59N15O24P4S4,1456.161794
d13,3-,C136H174N47O69P13S13,1461.476381
w13,3-,C136H174N47O69P13S13,1461.476381
a9,2-,C96H122N32O46P8S8,1480.185603
b9,2-,C96H122N32O47P8S8,1488.183061
z9,2-,C96H120N38O43P8S8,1497.194628
y9,2-,C96H120N38O44P8S8,1505.192086
c9,2-,C96H122N32O48P9S9,1527.653435
d9,2-,C96H123N32O49P9S9,1536.154804
x9,2-,C96H120N38O45P9S9,1544.66246
z14,3-,C148H187N52O71P13S13,1547.845356
a14,3-,C148H187N52O71P13S13,1547.845356
w9,2-,C96H121N38O46P9S9,1553.163829
b14,3-,C148H187N52O72P13S13,1553.176994
y14,3-,C148H187N52O72P13S13,1553.176994
x14,3-,C148H187N52O73P14S14,1579.490577
c14,3-,C148H187N52O73P14S14,1579.490577
w14,3-,C148H188N52O74P14S14,1585.158157
d14,3-,C148H188N52O74P14S14,1585.158157
a10,2-,C106H135N34O52P9S9,1640.197201
b10,2-,C106H135N34O53P9S9,1648.194658
z10,2-,C106H133N40O49P9S9,1657.206226
a5,1-,C56H71N17O27P4S4,1664.246586
y10,2-,C106H133N40O50P9S9,1665.203683
z15,3-,C160H203N55O77P14S14,1668.195271
y15,3-,C160H203N55O78P14S14,1673.526909
a15,3-,C160H201N57O77P14S14,1676.85877
b5,1-,C56H71N17O28P4S4,1680.241501
b15,3-,C160H201N57O78P14S14,1682.190408
c10,2-,C106H135N34O54P10S10,1687.665032
z5,1-,C56H71N21O25P4S4,1688.269053
d10,2-,C106H136N34O55P10S10,1696.166402
x15,3-,C160H203N55O79P15S15,1699.840492
y5,1-,C56H71N21O26P4S4,1704.263968
x10,2-,C106H133N40O51P10S10,1704.674057
w15,3-,C160H204N55O80P15S15,1705.508071
c15,3-,C160H201N57O79P15S15,1708.503991
w10,2-,C106H134N40O52P10S10,1713.175427
d15,3-,C160H202N57O80P15S15,1714.171571
c5,1-,C56H71N17O29P5S5,1759.182249
d5,1-,C56H72N17O30P5S5,1776.184988
x5,1-,C56H71N21O27P5S5,1783.204715
w5,1-,C56H72N21O28P5S5,1800.207455
Mp - 3H,3-,C172H217N60O84P15S15,1802.540323
a11,2-,C116H147N39O56P10S10,1804.714582
b11,2-,C116H147N39O57P10S10,1812.712039
z11,2-,C116H147N43O54P10S10,1816.725815
y11,2-,C116H147N43O55P10S10,1824.723272
c11,2-,C116H147N39O58P11S11,1852.182413
d11,2-,C116H148N39O59P11S11,1860.683783
x11,2-,C116H147N43O56P11S11,1864.193646
w11,2-,C116H148N43O57P11S11,1872.695016
z12,2-,C126H160N45O60P11S11,1976.737412
a12,2-,C126H159N44O61P11S11,1977.22942
a6,1-,C66H85N20O32P5S5,1983.285765
y12,2-,C126H160N45O61P11S11,1984.734869
b12,2-,C126H159N44O62P11S11,1985.226877
b6,1-,C66H85N20O33P5S5,1999.28068
z6,1-,C66H83N26O29P5S5,2017.303815
x12,2-,C126H160N45O62P12S12,2024.205243
c12,2-,C126H159N44O63P12S12,2024.697251
w12,2-,C126H161N45O63P12S12,2032.706613
d12,2-,C126H160N44O64P12S12,2033.198621
y6,1-,C66H83N26O30P5S5,2033.29873
c6,1-,C66H85N20O34P6S6,2078.221427
d6,1-,C66H86N20O35P6S6,2095.224167
x6,1-,C66H83N26O31P6S6,2112.239477
w6,1-,C66H84N26O32P6S6,2129.242217
z13,2-,C136H173N47O66P12S12,2136.749009
a13,2-,C136H173N47O66P12S12,2136.749009
b13,2-,C136H173N47O67P12S12,2144.746467
y13,2-,C136H173N47O67P12S12,2144.746467
x13,2-,C136H173N47O68P13S13,2184.21684
c13,2-,C136H173N47O68P13S13,2184.21684
w13,2-,C136H174N47O69P13S13,2192.71821
d13,2-,C136H174N47O69P13S13,2192.71821
a7,1-,C76H98N22O38P6S6,2303.308959
b7,1-,C76H98N22O39P6S6,2319.303874
a14,2-,C148H187N52O71P13S13,2322.271673
z14,2-,C148H187N52O71P13S13,2322.271673
b14,2-,C148H187N52O72P13S13,2330.26913
y14,2-,C148H187N52O72P13S13,2330.26913
z7,1-,C76H96N28O35P6S6,2337.327009
y7,1-,C76H96N28O36P6S6,2353.321924
x14,2-,C148H187N52O73P14S14,2369.739504
c14,2-,C148H187N52O73P14S14,2369.739504
d14,2-,C148H188N52O74P14S14,2378.240874
w14,2-,C148H188N52O74P14S14,2378.240874
c7,1-,C76H98N22O40P7S7,2398.244622
d7,1-,C76H99N22O41P7S7,2415.247361
x7,1-,C76H96N28O37P7S7,2432.262672
w7,1-,C76H97N28O38P7S7,2449.265411
z15,2-,C160H203N55O77P14S14,2502.796544
y15,2-,C160H203N55O78P14S14,2510.794002
a15,2-,C160H201N57O77P14S14,2515.791793
b15,2-,C160H201N57O78P14S14,2523.789251
x15,2-,C160H203N55O79P15S15,2550.264376
w15,2-,C160H204N55O80P15S15,2558.765745
c15,2-,C160H201N57O79P15S15,2563.259625
d15,2-,C160H202N57O80P15S15,2571.760994
a8,1-,C86H110N27O42P7S7,2632.343721
b8,1-,C86H110N27O43P7S7,2648.338636
z8,1-,C86H108N33O39P7S7,2666.361771
y8,1-,C86H108N33O40P7S7,2682.356686
Mp - 2H,2-,C172H217N60O84P15S15,2704.314122
c8,1-,C86H110N27O44P8S8,2727.279384
d8,1-,C86H111N27O45P8S8,2744.282123
x8,1-,C86H108N33O41P8S8,2761.297434
w8,1-,C86H109N33O42P8S8,2778.300173
a9,1-,C96H122N32O46P8S8,2961.378483
b9,1-,C96H122N32O47P8S8,2977.373398
z9,1-,C96H120N38O43P8S8,2995.396533
y9,1-,C96H120N38O44P8S8,3011.391448
c9,1-,C96H122N32O48P9S9,3056.314146
d9,1-,C96H123N32O49P9S9,3073.316885
x9,1-,C96H120N38O45P9S9,3090.332196
w9,1-,C96H121N38O46P9S9,3107.334935
a10,1-,C106H135N34O52P9S9,3281.401678
b10,1-,C106H135N34O53P9S9,3297.396592
z10,1-,C106H133N40O49P9S9,3315.419728
y10,1-,C106H133N40O50P9S9,3331.414642
c10,1-,C106H135N34O54P10S10,3376.33734
d10,1-,C106H136N34O55P10S10,3393.34008
x10,1-,C106H133N40O51P10S10,3410.35539
w10,1-,C106H134N40O52P10S10,3427.35813
a11,1-,C116H147N39O56P10S10,3610.43644
b11,1-,C116H147N39O57P10S10,3626.431354
z11,1-,C116H147N43O54P10S10,3634.458906
y11,1-,C116H147N43O55P10S10,3650.453821
c11,1-,C116H147N39O58P11S11,3705.372102
d11,1-,C116H148N39O59P11S11,3722.374842
x11,1-,C116H147N43O56P11S11,3729.394569
w11,1-,C116H148N43O57P11S11,3746.397308
z12,1-,C126H160N45O60P11S11,3954.482101
a12,1-,C126H159N44O61P11S11,3955.466116
y12,1-,C126H160N45O61P11S11,3970.477015
b12,1-,C126H159N44O62P11S11,3971.461031
x12,1-,C126H160N45O62P12S12,4049.417763
c12,1-,C126H159N44O63P12S12,4050.401779
w12,1-,C126H161N45O63P12S12,4066.420503
d12,1-,C126H160N44O64P12S12,4067.404518
a13,1-,C136H173N47O66P12S12,4274.505295
z13,1-,C136H173N47O66P12S12,4274.505295
y13,1-,C136H173N47O67P12S12,4290.50021
b13,1-,C136H173N47O67P12S12,4290.50021
x13,1-,C136H173N47O68P13S13,4369.440957
c13,1-,C136H173N47O68P13S13,4369.440957
d13,1-,C136H174N47O69P13S13,4386.443697
w13,1-,C136H174N47O69P13S13,4386.443697
z14,1-,C148H187N52O71P13S13,4645.550622
a14,1-,C148H187N52O71P13S13,4645.550622
y14,1-,C148H187N52O72P13S13,4661.545536
b14,1-,C148H187N52O72P13S13,4661.545536
x14,1-,C148H187N52O73P14S14,4740.486284
c14,1-,C148H187N52O73P14S14,4740.486284
d14,1-,C148H188N52O74P14S14,4757.489024
w14,1-,C148H188N52O74P14S14,4757.489024
z15,1-,C160H203N55O77P14S14,5006.600365
y15,1-,C160H203N55O78P14S14,5022.59528
a15,1-,C160H201N57O77P14S14,5032.590863
b15,1-,C160H201N57O78P14S14,5048.585778
x15,1-,C160H203N55O79P15S15,5101.536028
w15,1-,C160H204N55O80P15S15,5118.538767
c15,1-,C160H201N57O79P15S15,5127.526526
d15,1-,C160H202N57O80P15S15,5144.529265
Mp - 1H,1-,C172H217N60O84P15S15,5409.635521
